time,input,output
0.00000000,0.0000000000,0.0336228380
0.01000000,0.0000000000,0.0097674662
0.02000000,0.0000000000,0.0003992574
0.03000000,0.0000000000,0.0315432259
0.04000000,0.0000000000,0.0004494946
0.05000000,0.0000000000,0.0224910851
0.06000000,0.0000000000,0.0131287604
0.07000000,0.0000000000,-0.0399122618
0.08000000,0.0000000000,0.0840604462
0.09000000,0.0000000000,-0.0746780349
0.10000000,0.0000000000,-0.0415270633
0.11000000,0.0000000000,-0.0518914439
0.12000000,0.0000000000,0.0403598585
0.13000000,0.0000000000,0.0361662081
0.14000000,0.0000000000,0.0230136498
0.15000000,0.0000000000,-0.0444233024
0.16000000,0.0000000000,0.0433208602
0.17000000,0.0000000000,0.0112457273
0.18000000,0.0000000000,0.0264468841
0.19000000,0.0000000000,0.0280000947
0.20000000,0.0000000000,0.0596608977
0.21000000,0.0000000000,-0.0475738032
0.22000000,0.0000000000,-0.0717484269
0.23000000,0.0000000000,-0.0461524634
0.24000000,0.0000000000,-0.0077751553
0.25000000,0.0000000000,-0.0254092688
0.26000000,0.0000000000,-0.0434710053
0.27000000,0.0000000000,0.0349535576
0.28000000,0.0000000000,-0.0061214531
0.29000000,0.0000000000,0.0019052459
0.30000000,0.0000000000,-0.0536368868
0.31000000,0.0000000000,0.0298631821
0.32000000,0.0000000000,-0.0102077364
0.33000000,0.0000000000,0.0211874934
0.34000000,0.0000000000,-0.0017758239
0.35000000,0.0000000000,-0.0180145065
0.36000000,0.0000000000,0.0412204168
0.37000000,0.0000000000,0.0189138640
0.38000000,0.0000000000,0.0467365835
0.39000000,0.0000000000,-0.0087325532
0.40000000,0.0000000000,-0.0249032630
0.41000000,0.0000000000,-0.0141466265
0.42000000,0.0000000000,-0.0055897780
0.43000000,0.0000000000,0.0362198504
0.44000000,0.0000000000,0.0126087780
0.45000000,0.0000000000,-0.0363819288
0.46000000,0.0000000000,0.0291854947
0.47000000,0.0000000000,-0.0757277915
0.48000000,0.0000000000,-0.0603745493
0.49000000,0.0000000000,-0.0396492996
0.50000000,0.0000000000,-0.0248203236
0.51000000,0.0000000000,0.0238785417
0.52000000,0.0000000000,0.0452041073
0.53000000,0.0000000000,-0.0449127055
0.54000000,0.0000000000,0.0531011282
0.55000000,0.0000000000,-0.0719918578
0.56000000,0.0000000000,0.0694001721
0.57000000,0.0000000000,-0.0273744182
0.58000000,0.0000000000,0.0715682579
0.59000000,0.0000000000,-0.0068701450
0.60000000,0.0000000000,0.0400882675
0.61000000,0.0000000000,-0.0374897037
0.62000000,0.0000000000,0.0591144976
0.63000000,0.0000000000,-0.0445194660
0.64000000,0.0000000000,0.0078760735
0.65000000,0.0000000000,-0.0391201408
0.66000000,0.0000000000,0.0574628249
0.67000000,0.0000000000,0.0266580223
0.68000000,0.0000000000,-0.0216894038
0.69000000,0.0000000000,0.0884400192
0.70000000,0.0000000000,-0.0221746246
0.71000000,0.0000000000,-0.0422277704
0.72000000,0.0000000000,0.0133359232
0.73000000,0.0000000000,-0.0121722910
0.74000000,0.0000000000,0.0396476866
0.75000000,0.0000000000,-0.0902715855
0.76000000,0.0000000000,0.0269430435
0.77000000,0.0000000000,0.0358339828
0.78000000,0.0000000000,0.0265097770
0.79000000,0.0000000000,-0.0192512357
0.80000000,1.0000000000,0.0248537102
0.81000000,1.0000000000,0.0659577047
0.82000000,1.0000000000,0.1134080612
0.83000000,1.0000000000,0.2174830820
0.84000000,1.0000000000,0.2846246836
0.85000000,1.0000000000,0.3733625944
0.86000000,1.0000000000,0.4957701153
0.87000000,1.0000000000,0.6329735096
0.88000000,1.0000000000,0.7912360155
0.89000000,1.0000000000,0.8990907837
0.90000000,1.0000000000,1.1057237256
0.91000000,1.0000000000,1.1655378622
0.92000000,1.0000000000,1.3232826781
0.93000000,1.0000000000,1.4807712543
0.94000000,1.0000000000,1.6248428260
0.95000000,1.0000000000,1.7085554830
0.96000000,1.0000000000,1.8124724984
0.97000000,1.0000000000,1.9513596157
0.98000000,1.0000000000,1.9298430562
0.99000000,1.0000000000,2.1572846843
1.00000000,1.0000000000,2.1258349652
1.01000000,1.0000000000,2.2697249652
1.02000000,1.0000000000,2.2432671754
1.03000000,1.0000000000,2.2878931062
1.04000000,1.0000000000,2.3351329135
1.05000000,1.0000000000,2.3198430580
1.06000000,1.0000000000,2.3188576429
1.07000000,1.0000000000,2.3155088967
1.08000000,1.0000000000,2.3164739892
1.09000000,1.0000000000,2.2666453639
1.10000000,1.0000000000,2.2556123501
1.11000000,1.0000000000,2.2473063520
1.12000000,1.0000000000,2.2027535870
1.13000000,1.0000000000,2.0701319946
1.14000000,1.0000000000,2.0766226095
1.15000000,1.0000000000,2.0692751361
1.16000000,1.0000000000,1.9415744758
1.17000000,1.0000000000,1.8935443469
1.18000000,1.0000000000,1.8683065226
1.19000000,1.0000000000,1.8698477603
1.20000000,1.0000000000,1.7112787116
1.21000000,1.0000000000,1.7031429499
1.22000000,1.0000000000,1.7139041819
1.23000000,1.0000000000,1.6502851073
1.24000000,1.0000000000,1.5533404819
1.25000000,1.0000000000,1.5607398449
1.26000000,1.0000000000,1.5910056502
1.27000000,1.0000000000,1.4825479275
1.28000000,1.0000000000,1.4981094260
1.29000000,1.0000000000,1.4931014665
1.30000000,1.0000000000,1.5570515133
1.31000000,1.0000000000,1.5002375001
1.32000000,1.0000000000,1.4456069254
1.33000000,1.0000000000,1.5410263475
1.34000000,1.0000000000,1.5097856518
1.35000000,1.0000000000,1.6271936261
1.36000000,1.0000000000,1.5806834131
1.37000000,1.0000000000,1.5582264823
1.38000000,1.0000000000,1.5631531176
1.39000000,1.0000000000,1.6096105126
1.40000000,1.0000000000,1.6129950946
1.41000000,1.0000000000,1.6101837536
1.42000000,1.0000000000,1.6957863138
1.43000000,1.0000000000,1.6036485903
1.44000000,1.0000000000,1.6409863371
1.45000000,1.0000000000,1.7021589002
1.46000000,1.0000000000,1.7255001302
1.47000000,1.0000000000,1.7463862626
1.48000000,1.0000000000,1.6849202411
1.49000000,1.0000000000,1.6954788303
1.50000000,1.0000000000,1.7987575002
1.51000000,1.0000000000,1.7718926011
1.52000000,1.0000000000,1.8739005940
1.53000000,1.0000000000,1.8076051376
1.54000000,1.0000000000,1.7975657571
1.55000000,1.0000000000,1.8616276220
1.56000000,1.0000000000,1.8091296043
1.57000000,1.0000000000,1.7647903989
1.58000000,1.0000000000,1.8250679629
1.59000000,1.0000000000,1.7948075464
1.60000000,1.0000000000,1.7696991655
1.61000000,1.0000000000,1.8262693278
1.62000000,1.0000000000,1.7165306040
1.63000000,1.0000000000,1.8002200556
1.64000000,1.0000000000,1.7673968323
1.65000000,1.0000000000,1.7707575049
1.66000000,1.0000000000,1.8069269845
1.67000000,1.0000000000,1.7348829976
1.68000000,1.0000000000,1.7146528770
1.69000000,1.0000000000,1.7698528232
1.70000000,1.0000000000,1.7207593632
1.71000000,1.0000000000,1.7212648395
1.72000000,1.0000000000,1.7483147186
1.73000000,1.0000000000,1.7286391550
1.74000000,1.0000000000,1.7263033362
1.75000000,1.0000000000,1.7562233055
1.76000000,1.0000000000,1.7515625821
1.77000000,1.0000000000,1.6898042192
1.78000000,1.0000000000,1.7217734339
1.79000000,1.0000000000,1.6641593042
1.80000000,1.0000000000,1.7254560212
1.81000000,1.0000000000,1.6393064566
1.82000000,1.0000000000,1.6911160218
1.83000000,1.0000000000,1.6914794605
1.84000000,1.0000000000,1.6828825904
1.85000000,1.0000000000,1.7244223823
1.86000000,1.0000000000,1.7132647086
1.87000000,1.0000000000,1.7224896212
1.88000000,1.0000000000,1.6524753864
1.89000000,1.0000000000,1.7013164400
1.90000000,1.0000000000,1.6454612239
1.91000000,1.0000000000,1.7542354502
1.92000000,1.0000000000,1.6781224038
1.93000000,1.0000000000,1.7771983061
1.94000000,1.0000000000,1.7458856496
1.95000000,1.0000000000,1.7600930933
1.96000000,1.0000000000,1.6942479011
1.97000000,1.0000000000,1.7128501745
1.98000000,1.0000000000,1.7792210619
1.99000000,1.0000000000,1.7558725464
2.00000000,1.0000000000,1.6845514652
2.01000000,1.0000000000,1.7067673230
2.02000000,1.0000000000,1.7892510095
2.03000000,1.0000000000,1.7333629011
2.04000000,1.0000000000,1.7721911137
2.05000000,1.0000000000,1.7678282681
2.06000000,1.0000000000,1.7122356646
2.07000000,1.0000000000,1.7185849234
2.08000000,1.0000000000,1.6826002430
2.09000000,1.0000000000,1.7212649772
2.10000000,1.0000000000,1.7392243312
2.11000000,1.0000000000,1.7185370972
2.12000000,1.0000000000,1.7054541906
2.13000000,1.0000000000,1.6859483924
2.14000000,1.0000000000,1.7151326868
2.15000000,1.0000000000,1.7530144441
2.16000000,1.0000000000,1.7381787995
2.17000000,1.0000000000,1.7115833455
2.18000000,1.0000000000,1.7579792545
2.19000000,1.0000000000,1.7248717392
2.20000000,1.0000000000,1.7979051181
2.21000000,1.0000000000,1.6862096911
2.22000000,1.0000000000,1.6543733542
2.23000000,1.0000000000,1.7372398968
2.24000000,1.0000000000,1.8206353621
2.25000000,1.0000000000,1.7003772722
2.26000000,1.0000000000,1.6827032546
2.27000000,1.0000000000,1.7609210665
2.28000000,1.0000000000,1.6845061906
2.29000000,1.0000000000,1.7151594773
2.30000000,1.0000000000,1.6989343924
2.31000000,1.0000000000,1.7243639021
2.32000000,1.0000000000,1.7318467366
2.33000000,1.0000000000,1.7032431891
2.34000000,1.0000000000,1.7822734561
2.35000000,1.0000000000,1.7286508308
2.36000000,1.0000000000,1.6328217790
2.37000000,1.0000000000,1.7653617181
2.38000000,1.0000000000,1.6988429234
2.39000000,1.0000000000,1.7032660314
2.40000000,1.0000000000,1.7999373393
2.41000000,1.0000000000,1.7169628653
2.42000000,1.0000000000,1.7159677527
2.43000000,1.0000000000,1.7559630459
2.44000000,1.0000000000,1.7612185640
2.45000000,1.0000000000,1.7233429235
2.46000000,1.0000000000,1.7358148780
2.47000000,1.0000000000,1.7799986720
2.48000000,1.0000000000,1.7162977273
2.49000000,1.0000000000,1.7192473992
2.50000000,1.0000000000,1.7616279320
2.51000000,1.0000000000,1.7884757874
2.52000000,1.0000000000,1.6835531732
2.53000000,1.0000000000,1.7270465503
2.54000000,1.0000000000,1.6891905239
2.55000000,1.0000000000,1.7579607469
2.56000000,1.0000000000,1.7575983617
2.57000000,1.0000000000,1.7935220842
2.58000000,1.0000000000,1.6981987819
2.59000000,1.0000000000,1.7436462896
2.60000000,1.0000000000,1.7345900270
2.61000000,1.0000000000,1.6981776036
2.62000000,1.0000000000,1.7657756305
2.63000000,1.0000000000,1.7025447492
2.64000000,1.0000000000,1.6903317345
2.65000000,1.0000000000,1.7664880470
2.66000000,1.0000000000,1.7382525521
2.67000000,1.0000000000,1.6715437860
2.68000000,1.0000000000,1.7207030695
2.69000000,1.0000000000,1.7848809501
2.70000000,1.0000000000,1.7021009486
2.71000000,1.0000000000,1.7377819716
2.72000000,1.0000000000,1.6420286111
2.73000000,1.0000000000,1.7908100851
2.74000000,1.0000000000,1.7502521008
2.75000000,1.0000000000,1.7627007976
2.76000000,1.0000000000,1.8136417805
2.77000000,1.0000000000,1.7056099458
2.78000000,1.0000000000,1.7141914541
2.79000000,1.0000000000,1.7135337681
2.80000000,1.0000000000,1.7050335107
2.81000000,1.0000000000,1.8006505459
2.82000000,1.0000000000,1.7162305171
2.83000000,1.0000000000,1.7177585105
2.84000000,1.0000000000,1.7417816224
2.85000000,1.0000000000,1.7806272151
2.86000000,1.0000000000,1.6860445327
2.87000000,1.0000000000,1.7355572535
2.88000000,1.0000000000,1.7968131099
2.89000000,1.0000000000,1.7129280254
2.90000000,1.0000000000,1.6860719756
2.91000000,1.0000000000,1.7261133576
2.92000000,1.0000000000,1.8108975224
2.93000000,1.0000000000,1.7300320650
2.94000000,1.0000000000,1.7555638399
2.95000000,1.0000000000,1.7052148868
2.96000000,1.0000000000,1.7002803179
2.97000000,1.0000000000,1.7182800188
2.98000000,1.0000000000,1.7531934948
2.99000000,1.0000000000,1.7311111875
3.00000000,1.0000000000,1.7606813929
3.01000000,1.0000000000,1.7165671806
3.02000000,1.0000000000,1.6581150776
3.03000000,1.0000000000,1.7459508545
3.04000000,1.0000000000,1.7633567882
3.05000000,1.0000000000,1.7331209814
3.06000000,1.0000000000,1.7611341149
3.07000000,1.0000000000,1.6761387646
3.08000000,1.0000000000,1.7070094888
3.09000000,1.0000000000,1.7249966381
3.10000000,1.0000000000,1.6863865493
3.11000000,1.0000000000,1.7678182312
3.12000000,1.0000000000,1.7641956415
3.13000000,1.0000000000,1.6754276231
3.14000000,1.0000000000,1.7554231675
3.15000000,1.0000000000,1.7609347612
3.16000000,1.0000000000,1.7041933437
3.17000000,1.0000000000,1.7213132206
3.18000000,1.0000000000,1.7616521945
3.19000000,1.0000000000,1.7008691182
3.20000000,1.0000000000,1.7271418568
3.21000000,1.0000000000,1.7511921783
3.22000000,1.0000000000,1.7244882770
3.23000000,1.0000000000,1.7203224792
3.24000000,1.0000000000,1.6808112085
3.25000000,1.0000000000,1.7921362468
3.26000000,1.0000000000,1.7662164601
3.27000000,1.0000000000,1.7507154617
3.28000000,1.0000000000,1.7021614320
3.29000000,1.0000000000,1.7041608896
3.30000000,1.0000000000,1.7698944817
3.31000000,1.0000000000,1.7265760465
3.32000000,1.0000000000,1.7396997028
3.33000000,1.0000000000,1.7366857817
3.34000000,1.0000000000,1.7220184840
3.35000000,1.0000000000,1.6897471279
3.36000000,1.0000000000,1.6864276851
3.37000000,1.0000000000,1.7178451985
3.38000000,1.0000000000,1.6979586358
3.39000000,1.0000000000,1.7324149036
3.40000000,1.0000000000,1.7894606611
3.41000000,1.0000000000,1.6356762062
3.42000000,1.0000000000,1.8083100463
3.43000000,1.0000000000,1.6896612747
3.44000000,1.0000000000,1.7072335549
3.45000000,1.0000000000,1.7637405317
3.46000000,1.0000000000,1.7878340499
3.47000000,1.0000000000,1.7923247694
3.48000000,1.0000000000,1.6954284872
3.49000000,1.0000000000,1.7222599996
3.50000000,1.0000000000,1.7394333532
3.51000000,1.0000000000,1.7281581117
3.52000000,1.0000000000,1.6443438132
3.53000000,1.0000000000,1.7197447539
3.54000000,1.0000000000,1.6747719063
3.55000000,1.0000000000,1.7306809632
3.56000000,1.0000000000,1.7408324348
3.57000000,1.0000000000,1.7311008514
3.58000000,1.0000000000,1.7561566818
3.59000000,1.0000000000,1.6509578523
3.60000000,1.0000000000,1.6771033944
3.61000000,1.0000000000,1.7347467774
3.62000000,1.0000000000,1.6874685253
3.63000000,1.0000000000,1.7399333549
3.64000000,1.0000000000,1.7155250683
3.65000000,1.0000000000,1.7546383143
3.66000000,1.0000000000,1.6710747904
3.67000000,1.0000000000,1.7609865356
3.68000000,1.0000000000,1.6818180583
3.69000000,1.0000000000,1.6967487025
3.70000000,1.0000000000,1.7252836812
3.71000000,1.0000000000,1.7747670119
3.72000000,1.0000000000,1.7130746971
3.73000000,1.0000000000,1.7747087035
3.74000000,1.0000000000,1.7453392223
3.75000000,1.0000000000,1.6755962300
3.76000000,1.0000000000,1.7276434481
3.77000000,1.0000000000,1.7322142946
3.78000000,1.0000000000,1.7823189158
3.79000000,1.0000000000,1.7351398676
3.80000000,1.0000000000,1.7895567447
3.81000000,1.0000000000,1.6692485419
3.82000000,1.0000000000,1.7279619567
3.83000000,1.0000000000,1.7309868490
3.84000000,1.0000000000,1.7649343153
3.85000000,1.0000000000,1.7777919065
3.86000000,1.0000000000,1.7237683158
3.87000000,1.0000000000,1.6754617791
3.88000000,1.0000000000,1.7804067516
3.89000000,1.0000000000,1.7915887563
3.90000000,1.0000000000,1.7179917021
3.91000000,1.0000000000,1.7734920514
3.92000000,1.0000000000,1.8053800402
3.93000000,1.0000000000,1.7725447161
3.94000000,1.0000000000,1.7269742007
3.95000000,1.0000000000,1.7856787958
3.96000000,1.0000000000,1.7943724344
3.97000000,1.0000000000,1.7057936564
3.98000000,1.0000000000,1.8002455027
3.99000000,1.0000000000,1.6913209925
4.00000000,1.0000000000,1.6912923573
4.01000000,1.0000000000,1.7360486141
4.02000000,1.0000000000,1.7633350351
4.03000000,1.0000000000,1.7152771561
4.04000000,1.0000000000,1.8153034364
4.05000000,1.0000000000,1.7810142525
4.06000000,1.0000000000,1.6940269836
4.07000000,1.0000000000,1.7559093741
4.08000000,1.0000000000,1.7347474588
4.09000000,1.0000000000,1.6894977745
4.10000000,1.0000000000,1.7950951436
4.11000000,1.0000000000,1.7335073713
4.12000000,1.0000000000,1.7238557793
4.13000000,1.0000000000,1.7789483094
4.14000000,1.0000000000,1.6837036025
4.15000000,1.0000000000,1.7614712094
4.16000000,1.0000000000,1.7529386491
4.17000000,1.0000000000,1.7318490345
4.18000000,1.0000000000,1.7448383128
4.19000000,1.0000000000,1.8004823103
4.20000000,1.0000000000,1.7232722475
4.21000000,1.0000000000,1.7340237694
4.22000000,1.0000000000,1.7338768916
4.23000000,1.0000000000,1.7243025492
4.24000000,1.0000000000,1.7815897713
4.25000000,1.0000000000,1.7421327775
4.26000000,1.0000000000,1.7804755304
4.27000000,1.0000000000,1.7475102908
4.28000000,1.0000000000,1.7957569109
4.29000000,1.0000000000,1.7315063144
4.30000000,1.0000000000,1.6892405798
4.31000000,1.0000000000,1.7731761934
4.32000000,1.0000000000,1.7687629728
4.33000000,1.0000000000,1.7496340329
4.34000000,1.0000000000,1.6538215713
4.35000000,1.0000000000,1.6369660295
4.36000000,1.0000000000,1.7417775583
4.37000000,1.0000000000,1.7164579736
4.38000000,1.0000000000,1.6748480923
4.39000000,1.0000000000,1.7047785937
4.40000000,1.0000000000,1.7674028958
4.41000000,1.0000000000,1.7318100676
4.42000000,1.0000000000,1.7883299606
4.43000000,1.0000000000,1.7047653779
4.44000000,1.0000000000,1.7743136773
4.45000000,1.0000000000,1.7299939498
4.46000000,1.0000000000,1.7642137533
4.47000000,1.0000000000,1.7317523550
4.48000000,1.0000000000,1.7289550123
4.49000000,1.0000000000,1.7413675343
4.50000000,1.0000000000,1.7349579395
4.51000000,1.0000000000,1.7456885610
4.52000000,1.0000000000,1.7768518145
4.53000000,1.0000000000,1.7399594578
4.54000000,1.0000000000,1.7016315430
4.55000000,1.0000000000,1.7493963558
4.56000000,1.0000000000,1.6834105291
4.57000000,1.0000000000,1.7157175281
4.58000000,1.0000000000,1.6997451783
4.59000000,1.0000000000,1.6907632146
4.60000000,1.0000000000,1.7402971203
4.61000000,1.0000000000,1.6702685457
4.62000000,1.0000000000,1.6968587697
4.63000000,1.0000000000,1.6814349724
4.64000000,1.0000000000,1.7549780510
4.65000000,1.0000000000,1.7607074768
4.66000000,1.0000000000,1.7135127666
4.67000000,1.0000000000,1.7395707076
4.68000000,1.0000000000,1.7148987826
4.69000000,1.0000000000,1.7270903624
4.70000000,1.0000000000,1.7516192308
4.71000000,1.0000000000,1.7106730787
4.72000000,1.0000000000,1.7141781546
4.73000000,1.0000000000,1.6656959035
4.74000000,1.0000000000,1.6847486332
4.75000000,1.0000000000,1.6789244920
4.76000000,1.0000000000,1.7858634400
4.77000000,1.0000000000,1.6923568582
4.78000000,1.0000000000,1.7622293877
4.79000000,1.0000000000,1.6813466373
4.80000000,1.0000000000,1.7621797379
4.81000000,1.0000000000,1.7325567112
4.82000000,1.0000000000,1.8037175549
4.83000000,1.0000000000,1.7160239630
4.84000000,1.0000000000,1.7439563316
4.85000000,1.0000000000,1.6827556851
4.86000000,1.0000000000,1.7649380503
4.87000000,1.0000000000,1.6681482594
4.88000000,1.0000000000,1.7072861359
4.89000000,1.0000000000,1.7399946506
4.90000000,1.0000000000,1.6949736026
4.91000000,1.0000000000,1.7577455042
4.92000000,1.0000000000,1.8058488836
4.93000000,1.0000000000,1.7680174762
4.94000000,1.0000000000,1.7173297777
4.95000000,1.0000000000,1.6628440149
4.96000000,1.0000000000,1.6997911390
4.97000000,1.0000000000,1.7094545697
4.98000000,1.0000000000,1.7473018897
4.99000000,1.0000000000,1.7056248977
5.00000000,1.0000000000,1.6872620261
5.01000000,1.0000000000,1.7173478350
5.02000000,1.0000000000,1.7224698137
5.03000000,1.0000000000,1.7800671333
5.04000000,1.0000000000,1.7660691772
5.05000000,1.0000000000,1.7704540104
5.06000000,1.0000000000,1.7668032453
5.07000000,1.0000000000,1.7087555598
5.08000000,1.0000000000,1.7122076213
5.09000000,1.0000000000,1.7622057936
5.10000000,1.0000000000,1.6665893873
5.11000000,1.0000000000,1.7465262584
5.12000000,1.0000000000,1.6875275170
5.13000000,1.0000000000,1.7234917950
5.14000000,1.0000000000,1.6567670852
5.15000000,1.0000000000,1.7651961915
5.16000000,1.0000000000,1.6983486716
5.17000000,1.0000000000,1.7444292952
5.18000000,1.0000000000,1.7265724774
5.19000000,1.0000000000,1.7497225966
5.20000000,1.0000000000,1.8061648250
5.21000000,1.0000000000,1.6897891018
5.22000000,1.0000000000,1.6902861320
5.23000000,1.0000000000,1.7302612332
5.24000000,1.0000000000,1.7713680180
5.25000000,1.0000000000,1.6818508017
5.26000000,1.0000000000,1.7384172750
5.27000000,1.0000000000,1.7560695394
5.28000000,1.0000000000,1.6852562215
5.29000000,1.0000000000,1.6768554222
5.30000000,1.0000000000,1.7881158604
5.31000000,1.0000000000,1.7045287528
5.32000000,1.0000000000,1.6578707210
5.33000000,1.0000000000,1.7160240209
5.34000000,1.0000000000,1.7430077297
5.35000000,1.0000000000,1.7250072636
5.36000000,1.0000000000,1.7491253494
5.37000000,1.0000000000,1.6681167582
5.38000000,1.0000000000,1.7738600435
5.39000000,1.0000000000,1.6595759417
5.40000000,1.0000000000,1.7695482952
5.41000000,1.0000000000,1.7043128394
5.42000000,1.0000000000,1.7468994715
5.43000000,1.0000000000,1.7451632339
5.44000000,1.0000000000,1.6585654520
5.45000000,1.0000000000,1.7102670942
5.46000000,1.0000000000,1.6770422838
5.47000000,1.0000000000,1.7304060655
5.48000000,1.0000000000,1.7687513131
5.49000000,1.0000000000,1.7108450872
5.50000000,1.0000000000,1.7333252659
5.51000000,1.0000000000,1.8019397479
5.52000000,1.0000000000,1.7294856404
5.53000000,1.0000000000,1.7012359280
5.54000000,1.0000000000,1.7482006167
5.55000000,1.0000000000,1.7303124932
5.56000000,1.0000000000,1.7640576448
5.57000000,1.0000000000,1.7423217082
5.58000000,1.0000000000,1.7074058538
5.59000000,1.0000000000,1.7446014019
5.60000000,1.0000000000,1.7456645181
5.61000000,1.0000000000,1.7252388190
5.62000000,1.0000000000,1.6850057976
5.63000000,1.0000000000,1.7926257321
5.64000000,1.0000000000,1.7177692156
5.65000000,1.0000000000,1.7443451269
5.66000000,1.0000000000,1.7266136741
5.67000000,1.0000000000,1.7663733618
5.68000000,1.0000000000,1.6927303378
5.69000000,1.0000000000,1.7584254027
5.70000000,1.0000000000,1.7125912571
5.71000000,1.0000000000,1.7756763546
5.72000000,1.0000000000,1.6645593740
5.73000000,1.0000000000,1.6960200903
5.74000000,1.0000000000,1.6434267671
5.75000000,1.0000000000,1.6784671158
5.76000000,1.0000000000,1.7496340989
5.77000000,1.0000000000,1.6884311181
5.78000000,1.0000000000,1.7127612071
5.79000000,1.0000000000,1.7251419657
5.80000000,1.0000000000,1.6964424244
5.81000000,1.0000000000,1.7490636172
5.82000000,1.0000000000,1.7335695423
5.83000000,1.0000000000,1.7947291034
5.84000000,1.0000000000,1.7304001589
5.85000000,1.0000000000,1.7093997472
5.86000000,1.0000000000,1.6937741781
5.87000000,1.0000000000,1.7084158723
5.88000000,1.0000000000,1.7496074269
5.89000000,1.0000000000,1.7490040172
5.90000000,1.0000000000,1.7141814353
5.91000000,1.0000000000,1.7514558101
5.92000000,1.0000000000,1.7462332697
5.93000000,1.0000000000,1.7252554052
5.94000000,1.0000000000,1.7947639644
5.95000000,1.0000000000,1.7135228989
5.96000000,1.0000000000,1.8498983468
5.97000000,1.0000000000,1.7280156206
5.98000000,1.0000000000,1.6923975465
5.99000000,1.0000000000,1.8099228980
6.00000000,1.0000000000,1.7316644896
6.01000000,1.0000000000,1.7268697812
6.02000000,1.0000000000,1.7094018133
6.03000000,1.0000000000,1.6899225247
6.04000000,1.0000000000,1.7008306936
6.05000000,1.0000000000,1.7519835111
6.06000000,1.0000000000,1.7623568397
6.07000000,1.0000000000,1.7650321715
6.08000000,1.0000000000,1.6840405363
6.09000000,1.0000000000,1.7297139497
6.10000000,1.0000000000,1.8024513821
6.11000000,1.0000000000,1.7069580081
6.12000000,1.0000000000,1.7535851692
6.13000000,1.0000000000,1.6914989622
6.14000000,1.0000000000,1.7252805033
6.15000000,1.0000000000,1.7691828727
6.16000000,1.0000000000,1.7947737356
6.17000000,1.0000000000,1.7666501201
6.18000000,1.0000000000,1.7726672961
6.19000000,1.0000000000,1.7510932069
6.20000000,1.0000000000,1.7613569124
6.21000000,1.0000000000,1.6941049488
6.22000000,1.0000000000,1.7436769989
6.23000000,1.0000000000,1.6910488851
6.24000000,1.0000000000,1.7601270001
6.25000000,1.0000000000,1.7381565612
6.26000000,1.0000000000,1.6546294815
6.27000000,1.0000000000,1.6442422967
6.28000000,1.0000000000,1.7603933871
6.29000000,1.0000000000,1.6519681761
6.30000000,1.0000000000,1.7045044571
6.31000000,1.0000000000,1.7510496043
6.32000000,1.0000000000,1.7259897044
6.33000000,1.0000000000,1.7688933490
6.34000000,1.0000000000,1.7418360213
6.35000000,1.0000000000,1.7305230318
6.36000000,1.0000000000,1.7340927964
6.37000000,1.0000000000,1.7070294358
6.38000000,1.0000000000,1.6966110840
6.39000000,1.0000000000,1.7437970532
6.40000000,1.0000000000,1.6961440643
6.41000000,1.0000000000,1.7097299405
6.42000000,1.0000000000,1.7238003407
6.43000000,1.0000000000,1.6816714128
6.44000000,1.0000000000,1.6565138432
6.45000000,1.0000000000,1.7092986468
6.46000000,1.0000000000,1.7325089703
6.47000000,1.0000000000,1.8087648083
6.48000000,1.0000000000,1.6462972062
6.49000000,1.0000000000,1.6943160905
6.50000000,1.0000000000,1.7219987873
6.51000000,1.0000000000,1.6894451516
6.52000000,1.0000000000,1.7078925014
6.53000000,1.0000000000,1.7491347980
6.54000000,1.0000000000,1.7775103280
6.55000000,1.0000000000,1.6917453181
6.56000000,1.0000000000,1.6931551839
6.57000000,1.0000000000,1.6671952896
6.58000000,1.0000000000,1.7344387007
6.59000000,1.0000000000,1.7371214241
6.60000000,1.0000000000,1.7937117264
6.61000000,1.0000000000,1.7768291922
6.62000000,1.0000000000,1.6990764383
6.63000000,1.0000000000,1.7522858525
6.64000000,1.0000000000,1.7405143867
6.65000000,1.0000000000,1.7463131704
6.66000000,1.0000000000,1.7284993778
6.67000000,1.0000000000,1.7071461336
6.68000000,1.0000000000,1.7063942150
6.69000000,1.0000000000,1.7911200813
6.70000000,1.0000000000,1.7469406129
6.71000000,1.0000000000,1.7301155754
6.72000000,1.0000000000,1.8113927748
6.73000000,1.0000000000,1.6848025918
6.74000000,1.0000000000,1.7673504129
6.75000000,1.0000000000,1.6362270542
6.76000000,1.0000000000,1.7006444996
6.77000000,1.0000000000,1.7318769052
6.78000000,1.0000000000,1.7471781421
6.79000000,1.0000000000,1.7470433539
6.80000000,1.0000000000,1.7458972576
6.81000000,1.0000000000,1.7230396738
6.82000000,1.0000000000,1.7501418118
6.83000000,1.0000000000,1.7225999800
6.84000000,1.0000000000,1.7372676488
6.85000000,1.0000000000,1.7610416202
6.86000000,1.0000000000,1.7185200519
6.87000000,1.0000000000,1.7155340686
6.88000000,1.0000000000,1.8012544521
6.89000000,1.0000000000,1.7210512378
6.90000000,1.0000000000,1.7115742829
6.91000000,1.0000000000,1.7541343684
6.92000000,1.0000000000,1.7954870699
6.93000000,1.0000000000,1.7611019569
6.94000000,1.0000000000,1.7472494566
6.95000000,1.0000000000,1.7819296844
6.96000000,1.0000000000,1.8131902490
6.97000000,1.0000000000,1.7506179996
6.98000000,1.0000000000,1.6685511142
6.99000000,1.0000000000,1.6498022003
7.00000000,1.0000000000,1.7760179814
7.01000000,1.0000000000,1.7785187334
7.02000000,1.0000000000,1.7477402851
7.03000000,1.0000000000,1.7349715568
7.04000000,1.0000000000,1.7430339651
7.05000000,1.0000000000,1.6657461197
7.06000000,1.0000000000,1.7174988838
7.07000000,1.0000000000,1.7686240176
7.08000000,1.0000000000,1.7379375582
7.09000000,1.0000000000,1.6963913642
7.10000000,1.0000000000,1.7850039517
7.11000000,1.0000000000,1.6800602536
7.12000000,1.0000000000,1.7748113268
7.13000000,1.0000000000,1.6732082985
7.14000000,1.0000000000,1.6394231089
7.15000000,1.0000000000,1.7249054519
7.16000000,1.0000000000,1.6920856448
7.17000000,1.0000000000,1.7435306670
7.18000000,1.0000000000,1.7514707272
7.19000000,1.0000000000,1.7102343851
7.20000000,1.0000000000,1.7441170600
7.21000000,1.0000000000,1.7038799728
7.22000000,1.0000000000,1.7536811204
7.23000000,1.0000000000,1.6673327113
7.24000000,1.0000000000,1.7288034725
7.25000000,1.0000000000,1.7188781867
7.26000000,1.0000000000,1.7137701790
7.27000000,1.0000000000,1.7324637599
7.28000000,1.0000000000,1.7259356771
7.29000000,1.0000000000,1.7792409965
7.30000000,1.0000000000,1.7523925036
7.31000000,1.0000000000,1.7174594066
7.32000000,1.0000000000,1.7366409140
7.33000000,1.0000000000,1.7480475218
7.34000000,1.0000000000,1.7627397383
7.35000000,1.0000000000,1.6554051437
7.36000000,1.0000000000,1.7670841393
7.37000000,1.0000000000,1.8014557410
7.38000000,1.0000000000,1.7249166663
7.39000000,1.0000000000,1.7630682393
7.40000000,1.0000000000,1.7298899614
7.41000000,1.0000000000,1.7323144906
7.42000000,1.0000000000,1.7626979676
7.43000000,1.0000000000,1.7116128093
7.44000000,1.0000000000,1.7174380727
7.45000000,1.0000000000,1.7384642487
7.46000000,1.0000000000,1.7320095001
7.47000000,1.0000000000,1.6920858351
7.48000000,1.0000000000,1.6559757862
7.49000000,1.0000000000,1.6809750071
7.50000000,1.0000000000,1.7331697339
7.51000000,1.0000000000,1.7347451854
7.52000000,1.0000000000,1.7297159020
7.53000000,1.0000000000,1.7805136038
7.54000000,1.0000000000,1.7057535578
7.55000000,1.0000000000,1.7010907075
7.56000000,1.0000000000,1.7385460609
7.57000000,1.0000000000,1.6893026240
7.58000000,1.0000000000,1.6028512361
7.59000000,1.0000000000,1.7066614228
7.60000000,1.0000000000,1.6838823135
7.61000000,1.0000000000,1.6767945929
7.62000000,1.0000000000,1.7535320705
7.63000000,1.0000000000,1.7411770703
7.64000000,1.0000000000,1.6659597277
7.65000000,1.0000000000,1.7784139078
7.66000000,1.0000000000,1.7801334003
7.67000000,1.0000000000,1.7705919279
7.68000000,1.0000000000,1.6872486449
7.69000000,1.0000000000,1.7127914039
7.70000000,1.0000000000,1.7164051429
7.71000000,1.0000000000,1.7715830146
7.72000000,1.0000000000,1.7345002878
7.73000000,1.0000000000,1.7346431171
7.74000000,1.0000000000,1.7510240568
7.75000000,1.0000000000,1.7549883162
7.76000000,1.0000000000,1.7292305178
7.77000000,1.0000000000,1.6656362496
7.78000000,1.0000000000,1.7310580002
7.79000000,1.0000000000,1.7800280214
7.80000000,1.0000000000,1.7382180092
7.81000000,1.0000000000,1.7103331172
7.82000000,1.0000000000,1.7960968378
7.83000000,1.0000000000,1.6722331927
7.84000000,1.0000000000,1.6933294208
7.85000000,1.0000000000,1.6879086272
7.86000000,1.0000000000,1.7313554857
7.87000000,1.0000000000,1.7549874540
7.88000000,1.0000000000,1.7339601240
7.89000000,1.0000000000,1.7383539858
7.90000000,1.0000000000,1.7105879462
7.91000000,1.0000000000,1.6923036152
7.92000000,1.0000000000,1.6919891496
7.93000000,1.0000000000,1.7652580873
7.94000000,1.0000000000,1.7231374211
7.95000000,1.0000000000,1.7404745954
7.96000000,1.0000000000,1.6929496784
7.97000000,1.0000000000,1.7365924547
7.98000000,1.0000000000,1.7140788763
7.99000000,1.0000000000,1.7344543358
8.00000000,1.0000000000,1.6672584729
8.01000000,1.0000000000,1.7753710638
8.02000000,1.0000000000,1.7435302036
8.03000000,1.0000000000,1.7547276772
8.04000000,1.0000000000,1.7187766937
8.05000000,1.0000000000,1.7558663101
8.06000000,1.0000000000,1.7889803269
8.07000000,1.0000000000,1.7727598100
8.08000000,1.0000000000,1.6962370013
8.09000000,1.0000000000,1.7558903375
8.10000000,1.0000000000,1.7688948280
8.11000000,1.0000000000,1.7557000801
8.12000000,1.0000000000,1.7390628243
8.13000000,1.0000000000,1.7262804838
8.14000000,1.0000000000,1.7245847221
8.15000000,1.0000000000,1.6243104979
8.16000000,1.0000000000,1.7492207890
8.17000000,1.0000000000,1.7228409104
8.18000000,1.0000000000,1.7133012151
8.19000000,1.0000000000,1.7409589675
8.20000000,1.0000000000,1.6991165799
8.21000000,1.0000000000,1.7852664809
8.22000000,1.0000000000,1.6930349905
8.23000000,1.0000000000,1.7823179561
8.24000000,1.0000000000,1.7945152836
8.25000000,1.0000000000,1.7964466132
8.26000000,1.0000000000,1.7273396384
8.27000000,1.0000000000,1.7313894308
8.28000000,1.0000000000,1.7852921953
8.29000000,1.0000000000,1.7775746612
8.30000000,1.0000000000,1.6757932958
8.31000000,1.0000000000,1.7114825166
8.32000000,1.0000000000,1.7426213142
8.33000000,1.0000000000,1.7538242409
8.34000000,1.0000000000,1.6481992547
8.35000000,1.0000000000,1.6727958736
8.36000000,1.0000000000,1.7090190487
8.37000000,1.0000000000,1.7122755811
8.38000000,1.0000000000,1.6628468194
8.39000000,1.0000000000,1.7948202938
8.40000000,1.0000000000,1.7107647428
8.41000000,1.0000000000,1.6649558876
8.42000000,1.0000000000,1.7504961147
8.43000000,1.0000000000,1.7035904004
8.44000000,1.0000000000,1.7410013770
8.45000000,1.0000000000,1.7307639210
8.46000000,1.0000000000,1.7388198079
8.47000000,1.0000000000,1.7239596261
8.48000000,1.0000000000,1.7201009648
8.49000000,1.0000000000,1.6629530129
8.50000000,1.0000000000,1.7397103882
8.51000000,1.0000000000,1.7371313933
8.52000000,1.0000000000,1.6495396708
8.53000000,1.0000000000,1.7209422742
8.54000000,1.0000000000,1.6942496429
8.55000000,1.0000000000,1.7000686165
8.56000000,1.0000000000,1.7252887112
8.57000000,1.0000000000,1.7752287999
8.58000000,1.0000000000,1.7371280549
8.59000000,1.0000000000,1.7404272490
8.60000000,1.0000000000,1.7583873773
8.61000000,1.0000000000,1.7826652514
8.62000000,1.0000000000,1.7164789710
8.63000000,1.0000000000,1.7112269121
8.64000000,1.0000000000,1.7423230638
8.65000000,1.0000000000,1.6648939069
8.66000000,1.0000000000,1.7681582625
8.67000000,1.0000000000,1.7171805986
8.68000000,1.0000000000,1.8131619018
8.69000000,1.0000000000,1.7083887229
8.70000000,1.0000000000,1.7344209545
8.71000000,1.0000000000,1.7229987858
8.72000000,1.0000000000,1.7549533409
8.73000000,1.0000000000,1.7220543517
8.74000000,1.0000000000,1.7263874622
8.75000000,1.0000000000,1.7784823651
8.76000000,1.0000000000,1.7606107132
8.77000000,1.0000000000,1.6820018047
8.78000000,1.0000000000,1.7332371384
8.79000000,1.0000000000,1.7128695050
8.80000000,1.0000000000,1.7016900074
8.81000000,1.0000000000,1.7560086287
8.82000000,1.0000000000,1.7466943786
8.83000000,1.0000000000,1.6876336909
8.84000000,1.0000000000,1.6759321993
8.85000000,1.0000000000,1.6837282199
8.86000000,1.0000000000,1.7489141823
8.87000000,1.0000000000,1.7278650420
8.88000000,1.0000000000,1.6867094844
8.89000000,1.0000000000,1.7406894332
8.90000000,1.0000000000,1.7265472653
8.91000000,1.0000000000,1.7729140786
8.92000000,1.0000000000,1.7088452206
8.93000000,1.0000000000,1.7156106173
8.94000000,1.0000000000,1.7266389545
8.95000000,1.0000000000,1.7222334562
8.96000000,1.0000000000,1.7090117294
8.97000000,1.0000000000,1.6822409499
8.98000000,1.0000000000,1.6838481202
8.99000000,1.0000000000,1.6917237706
9.00000000,1.0000000000,1.7668260164
9.01000000,1.0000000000,1.7435944900
9.02000000,1.0000000000,1.7679015652
9.03000000,1.0000000000,1.7340193578
9.04000000,1.0000000000,1.7280140454
9.05000000,1.0000000000,1.7219420010
9.06000000,1.0000000000,1.7426938960
9.07000000,1.0000000000,1.7532392551
9.08000000,1.0000000000,1.7682605095
9.09000000,1.0000000000,1.6510142118
9.10000000,1.0000000000,1.6901923193
9.11000000,1.0000000000,1.6937783476
9.12000000,1.0000000000,1.6938485601
9.13000000,1.0000000000,1.7556601994
9.14000000,1.0000000000,1.7164325975
9.15000000,1.0000000000,1.6442416712
9.16000000,1.0000000000,1.7934604486
9.17000000,1.0000000000,1.7090978186
9.18000000,1.0000000000,1.7141011039
9.19000000,1.0000000000,1.7175315622
9.20000000,1.0000000000,1.7007529633
9.21000000,1.0000000000,1.6990713188
9.22000000,1.0000000000,1.7559174846
9.23000000,1.0000000000,1.7851443501
9.24000000,1.0000000000,1.6916187728
9.25000000,1.0000000000,1.6779775290
9.26000000,1.0000000000,1.7106631921
9.27000000,1.0000000000,1.7647007511
9.28000000,1.0000000000,1.7058788082
9.29000000,1.0000000000,1.7371766347
9.30000000,1.0000000000,1.7778395413
9.31000000,1.0000000000,1.6757235209
9.32000000,1.0000000000,1.6940316246
9.33000000,1.0000000000,1.7631536586
9.34000000,1.0000000000,1.7246093518
9.35000000,1.0000000000,1.7329286561
9.36000000,1.0000000000,1.6529996345
9.37000000,1.0000000000,1.7110418802
9.38000000,1.0000000000,1.7153089466
9.39000000,1.0000000000,1.7197831439
9.40000000,1.0000000000,1.7464338853
9.41000000,1.0000000000,1.6869347761
9.42000000,1.0000000000,1.7352233822
9.43000000,1.0000000000,1.7945618315
9.44000000,1.0000000000,1.7733774039
9.45000000,1.0000000000,1.7835075969
9.46000000,1.0000000000,1.7049260173
9.47000000,1.0000000000,1.7123241146
9.48000000,1.0000000000,1.7467657172
9.49000000,1.0000000000,1.8129815477
9.50000000,1.0000000000,1.7286926560
9.51000000,1.0000000000,1.7150883270
9.52000000,1.0000000000,1.7037793442
9.53000000,1.0000000000,1.7620441028
9.54000000,1.0000000000,1.7589767546
9.55000000,1.0000000000,1.7524708573
9.56000000,1.0000000000,1.6923818724
9.57000000,1.0000000000,1.7964168978
9.58000000,1.0000000000,1.7361730631
9.59000000,1.0000000000,1.7318617195
9.60000000,1.0000000000,1.7268208077
9.61000000,1.0000000000,1.7280679787
9.62000000,1.0000000000,1.7266360261
9.63000000,1.0000000000,1.7163627879
9.64000000,1.0000000000,1.7001506505
9.65000000,1.0000000000,1.7349094609
9.66000000,1.0000000000,1.7441151671
9.67000000,1.0000000000,1.7377056155
9.68000000,1.0000000000,1.7656179099
9.69000000,1.0000000000,1.6750367316
9.70000000,1.0000000000,1.7221213202
9.71000000,1.0000000000,1.6751216480
9.72000000,1.0000000000,1.7082340169
9.73000000,1.0000000000,1.8071383631
9.74000000,1.0000000000,1.7428046999
9.75000000,1.0000000000,1.7274770063
9.76000000,1.0000000000,1.6376005739
9.77000000,1.0000000000,1.7403807430
9.78000000,1.0000000000,1.8093194971
9.79000000,1.0000000000,1.7824610668
9.80000000,1.0000000000,1.7586727833
9.81000000,1.0000000000,1.7265679203
9.82000000,1.0000000000,1.7515297271
9.83000000,1.0000000000,1.7162009187
9.84000000,1.0000000000,1.7408169701
9.85000000,1.0000000000,1.7317596753
9.86000000,1.0000000000,1.7543828769
9.87000000,1.0000000000,1.7290790110
9.88000000,1.0000000000,1.7434708540
9.89000000,1.0000000000,1.6649895424
9.90000000,1.0000000000,1.6948292767
9.91000000,1.0000000000,1.8013047893
9.92000000,1.0000000000,1.7273806244
9.93000000,1.0000000000,1.7893423284
9.94000000,1.0000000000,1.7230337222
9.95000000,1.0000000000,1.6957351656
9.96000000,1.0000000000,1.7684776938
9.97000000,1.0000000000,1.7458226175
9.98000000,1.0000000000,1.6996952122
9.99000000,1.0000000000,1.7603692621
10.00000000,1.0000000000,1.7310946025
10.01000000,1.0000000000,1.7331004888
10.02000000,1.0000000000,1.7433833274
10.03000000,1.0000000000,1.7442770122
10.04000000,1.0000000000,1.7206485728
10.05000000,1.0000000000,1.7738339254
10.06000000,1.0000000000,1.7549389886
10.07000000,1.0000000000,1.7363029447
10.08000000,1.0000000000,1.7295695383
10.09000000,1.0000000000,1.7052274235
10.10000000,1.0000000000,1.7685564009
10.11000000,1.0000000000,1.7201021222
10.12000000,1.0000000000,1.7246578225
10.13000000,1.0000000000,1.7694082681
10.14000000,1.0000000000,1.7804598403
10.15000000,1.0000000000,1.7432611718
10.16000000,1.0000000000,1.7364223246
10.17000000,1.0000000000,1.7475269642
10.18000000,1.0000000000,1.7525516080
10.19000000,1.0000000000,1.7636143141
10.20000000,1.0000000000,1.7252139233
10.21000000,1.0000000000,1.7195969062
10.22000000,1.0000000000,1.7554967122
10.23000000,1.0000000000,1.7148754589
10.24000000,1.0000000000,1.7745585053
10.25000000,1.0000000000,1.7614877094
10.26000000,1.0000000000,1.6776212278
10.27000000,1.0000000000,1.7128702583
10.28000000,1.0000000000,1.7676737721
10.29000000,1.0000000000,1.7098213137
10.30000000,1.0000000000,1.7376011917
10.31000000,1.0000000000,1.8175812960
10.32000000,1.0000000000,1.7005934949
10.33000000,1.0000000000,1.7310035465
10.34000000,1.0000000000,1.7299471332
10.35000000,1.0000000000,1.7674046950
10.36000000,1.0000000000,1.7450066559
10.37000000,1.0000000000,1.7567056296
10.38000000,1.0000000000,1.8251275805
10.39000000,1.0000000000,1.7394449896
10.40000000,1.0000000000,1.7006551563
10.41000000,1.0000000000,1.7205588230
10.42000000,1.0000000000,1.7554895816
10.43000000,1.0000000000,1.8278473035
10.44000000,1.0000000000,1.6964011034
10.45000000,1.0000000000,1.7084640493
10.46000000,1.0000000000,1.6848311397
10.47000000,1.0000000000,1.7155072941
10.48000000,1.0000000000,1.7137697580
10.49000000,1.0000000000,1.7307476665
10.50000000,1.0000000000,1.8308014096
10.51000000,1.0000000000,1.7567165606
10.52000000,1.0000000000,1.7210614986
10.53000000,1.0000000000,1.7507738044
10.54000000,1.0000000000,1.7034250178
10.55000000,1.0000000000,1.6697649767
10.56000000,1.0000000000,1.7497220271
10.57000000,1.0000000000,1.7486824227
10.58000000,1.0000000000,1.7031977434
10.59000000,1.0000000000,1.6942379411
10.60000000,1.0000000000,1.7370862054
10.61000000,1.0000000000,1.7140538355
10.62000000,1.0000000000,1.7726995470
10.63000000,1.0000000000,1.6999463418
10.64000000,1.0000000000,1.7218933716
10.65000000,1.0000000000,1.7741709919
10.66000000,1.0000000000,1.7174783106
10.67000000,1.0000000000,1.7152305303
10.68000000,1.0000000000,1.7609005846
10.69000000,1.0000000000,1.8036562629
10.70000000,1.0000000000,1.6650123588
10.71000000,1.0000000000,1.7249243966
10.72000000,1.0000000000,1.7266565614
10.73000000,1.0000000000,1.7054676828
10.74000000,1.0000000000,1.7478902233
10.75000000,1.0000000000,1.6935512368
10.76000000,1.0000000000,1.7166009311
10.77000000,1.0000000000,1.7221003581
10.78000000,1.0000000000,1.7480017846
10.79000000,1.0000000000,1.7780960024
10.80000000,1.0000000000,1.8372238266
10.81000000,1.0000000000,1.7048228899
10.82000000,1.0000000000,1.7224924369
10.83000000,1.0000000000,1.7280090667
10.84000000,1.0000000000,1.7996618518
10.85000000,1.0000000000,1.7317711204
10.86000000,1.0000000000,1.7443665544
10.87000000,1.0000000000,1.7150320356
10.88000000,1.0000000000,1.7526602938
10.89000000,1.0000000000,1.7780685588
10.90000000,1.0000000000,1.6730116023
10.91000000,1.0000000000,1.6957084432
10.92000000,1.0000000000,1.6709605651
10.93000000,1.0000000000,1.7403614815
10.94000000,1.0000000000,1.6677699058
10.95000000,1.0000000000,1.7843422266
10.96000000,1.0000000000,1.7255641416
10.97000000,1.0000000000,1.7747634785
10.98000000,1.0000000000,1.7605175717
10.99000000,1.0000000000,1.7539905007
11.00000000,1.0000000000,1.6714657471
11.01000000,1.0000000000,1.7364291648
11.02000000,1.0000000000,1.7071564968
11.03000000,1.0000000000,1.6906655682
11.04000000,1.0000000000,1.7019244401
11.05000000,1.0000000000,1.7036111671
11.06000000,1.0000000000,1.7654254265
11.07000000,1.0000000000,1.6397108304
11.08000000,1.0000000000,1.6712953525
11.09000000,1.0000000000,1.7607780474
11.10000000,1.0000000000,1.7543103630
11.11000000,1.0000000000,1.7446267345
11.12000000,1.0000000000,1.6895620650
11.13000000,1.0000000000,1.7885539654
11.14000000,1.0000000000,1.6560038593
11.15000000,1.0000000000,1.6738768163
11.16000000,1.0000000000,1.7910174226
11.17000000,1.0000000000,1.7705210173
11.18000000,1.0000000000,1.7014973890
11.19000000,1.0000000000,1.7663740568
11.20000000,1.0000000000,1.7405776921
11.21000000,1.0000000000,1.7289222001
11.22000000,1.0000000000,1.7489306654
11.23000000,1.0000000000,1.7440569153
11.24000000,1.0000000000,1.7389337868
11.25000000,1.0000000000,1.7227642841
11.26000000,1.0000000000,1.6519157007
11.27000000,1.0000000000,1.7692297659
11.28000000,1.0000000000,1.7656311479
11.29000000,1.0000000000,1.7564623759
11.30000000,1.0000000000,1.6751591801
11.31000000,1.0000000000,1.7051640424
11.32000000,1.0000000000,1.6803043125
11.33000000,1.0000000000,1.6679535663
11.34000000,1.0000000000,1.7389029290
11.35000000,1.0000000000,1.7279295168
11.36000000,1.0000000000,1.7256486094
11.37000000,1.0000000000,1.7435686800
11.38000000,1.0000000000,1.7795432257
11.39000000,1.0000000000,1.6883748750
11.40000000,1.0000000000,1.7239232653
11.41000000,1.0000000000,1.7221575903
11.42000000,1.0000000000,1.6973842679
11.43000000,1.0000000000,1.7043883658
11.44000000,1.0000000000,1.7945667798
11.45000000,1.0000000000,1.7245148548
11.46000000,1.0000000000,1.7438631875
11.47000000,1.0000000000,1.6685801153
11.48000000,1.0000000000,1.7491568549
11.49000000,1.0000000000,1.6808536272
11.50000000,1.0000000000,1.6915008593
11.51000000,1.0000000000,1.7834939451
11.52000000,1.0000000000,1.7826354204
11.53000000,1.0000000000,1.7591245102
11.54000000,1.0000000000,1.6912155801
11.55000000,1.0000000000,1.7673115185
11.56000000,1.0000000000,1.7895133398
11.57000000,1.0000000000,1.7086118872
11.58000000,1.0000000000,1.6965483959
11.59000000,1.0000000000,1.7744333321
11.60000000,1.0000000000,1.7687967091
11.61000000,1.0000000000,1.7861243668
11.62000000,1.0000000000,1.7313002549
11.63000000,1.0000000000,1.7135169175
11.64000000,1.0000000000,1.7230253722
11.65000000,1.0000000000,1.8027835933
11.66000000,1.0000000000,1.7670214240
11.67000000,1.0000000000,1.7789307731
11.68000000,1.0000000000,1.7547009120
11.69000000,1.0000000000,1.6826974788
11.70000000,1.0000000000,1.7071232192
11.71000000,1.0000000000,1.7291255914
11.72000000,1.0000000000,1.6610618550
11.73000000,1.0000000000,1.7223338495
11.74000000,1.0000000000,1.7128505634
11.75000000,1.0000000000,1.6999537367
11.76000000,1.0000000000,1.6989323295
11.77000000,1.0000000000,1.7214196458
11.78000000,1.0000000000,1.7668782808
11.79000000,1.0000000000,1.6768512274
11.80000000,1.0000000000,1.7242188241
11.81000000,1.0000000000,1.6583523647
11.82000000,1.0000000000,1.6837902796
11.83000000,1.0000000000,1.6732619261
11.84000000,1.0000000000,1.7344583731
11.85000000,1.0000000000,1.6853822990
11.86000000,1.0000000000,1.7237776295
11.87000000,1.0000000000,1.7183751130
11.88000000,1.0000000000,1.7180934196
11.89000000,1.0000000000,1.7545311879
11.90000000,1.0000000000,1.6896930839
11.91000000,1.0000000000,1.7544696768
11.92000000,1.0000000000,1.7493341798
11.93000000,1.0000000000,1.6451773462
11.94000000,1.0000000000,1.6824288726
11.95000000,1.0000000000,1.7271726723
11.96000000,1.0000000000,1.7319334634
11.97000000,1.0000000000,1.7213984359
11.98000000,1.0000000000,1.7266670822
11.99000000,1.0000000000,1.6574261566
12.00000000,1.0000000000,1.6807017570
